group,struggling hard,struggling,about managing,okay,comfortable,no entry
1,2.639494786178386,9.771564313462477,22.780832155093382,35.83055995745532,23.497100457697538,5.480448330112879
