group,struggling hard,struggling,about managing,okay,comfortable,no entry
1,2.639494786178390,9.771564313462480,22.780832155093400,35.83055995745530,23.497100457697500,5.480448330112880