group,increased a lot,increased a little,stayed the same,decreased a litte,decreased a lot,no entry
1,29.0189924973798,50.22866179315157,11.49008182653289,2.46540203507833,0.5368292541427057,6.260032593714711
