group,struggling hard,struggling,about managing,no entry,okay,comfortable
1,2.639494786178390,9.771564313462480,22.780832155093400,5.480448330112880,35.83055995745530,23.497100457697500