level,value
increased a lot,2901.89924973798
increased a little,5022.866179315158
stayed the same,1149.008182653289
decreased a litte,246.540203507833
decreased a lot,53.682925414270564
no entry,626.0032593714711
